filename,prediction,datetime
2025-11-05 06:40:47,OIP (1).jpg,
2025-11-05 06:40:54,OIP.jpg,
2025-11-05 06:47:43,OIP (1).jpg,
2025-11-05 09:15:00,OIP.jpg,
2025-11-05 12:08:49,z7189978097351_bf57abb0074497c72d12bf85b7832fcb.jpg,
2025-11-05 12:09:04,z7189978097351_bf57abb0074497c72d12bf85b7832fcb.jpg,
2025-11-05 12:09:16,z7189978091152_7dfd2b83d5337cb86bc52ce2c18959f2.jpg,
2025-11-05 12:09:22,000004_jpg.rf.e835535543fd0b3c4dc7e6c5a6f54953.jpg,
2025-11-05 12:09:55,tac-hai-cua-rac-thai-nhua-den-cuoc-song.jpg,
2025-11-05 12:15:33,OIP.jpg,
2025-11-05 13:06:15,OIP.jpg,
